latitude,longitude,altitude,geometry,@id,historic,memorial,ele,name,name:el,name:en,artist:wikidata,artist_name,material,name:de,name:fr,name:ru,start_date,subject:wikidata,wikidata,wikipedia,artwork_type,description,tourism,inscription,name:es,source,subject:wikipedia,memorial:conflict,artist:wikipedia,wheelchair,artist,name:he,name:pl,name:it,fixme,height,memorial:type,inscription:url,width,addr:city,addr:street,description:el,description:en,man_made,building,colour,artwork_subject,historic:civilization,historic:period
37.9321851,23.6385873,,Point,node/273996995,memorial,Christian_candle,,,,,,,,,,,,,,,,,,,,,,,,,,,,,,,,,,,,,,,,,,,
37.9307109,23.7848077,,Point,node/1171050651,memorial,,730,Μνημείο Μιχαηλίδη,Μνημείο Μιχαηλίδη,Memorial of Michallidis,,,,,,,,,,,,,,,,,,,,,,,,,,,,,,,,,,,,,,,
37.9718203,23.7352429,,Point,node/1635941919,memorial,statue,,Ιωάννης Βαρβάκης,Ιωάννης Βαρβάκης,Ioannis Varvakis,Q666391,Λεωνίδας Δρόσης,marble,Ioannis Varvakis,Ioánnis Varvákis,Иоаннис Варвакис,1889,Q1362704,Q1362704,el:Ιωάννης Βαρβάκης,,,,,,,,,,,,,,,,,,,,,,,,,,,,,
37.9342032,23.650255,,Point,node/1661664595,memorial,yes,,Πυρρίχιο Πέταγμα,,,,Παναγιώτης Τανιμανίδης,steel,,,,,,,,sculpture,Μνημείο γενοκτονίας Ποντίων. Σύνολο από κυλίνδρους ελατηρίων που διαπερνάται απο 17 γλυπτικές συνθέσεις. Στη βάση υπάρχει δίσκος με τα οικωνύμια του Πόντου.,,,,,,,,,,,,,,,,,,,,,,,,,,,
37.9399752,23.6494336,,Point,node/1695409430,memorial,,,Ανδριάντας Παλαιών Πατρών Γερμανού,,,,,,,,,,,,,sculpture,,artwork,,,,,,,,,,,,,,,,,,,,,,,,,,
37.9390069,23.6298514,,Point,node/1695426120,memorial,statue,,Λέων του Πειραιώς,,,,,,,,,,,,,,,artwork,,,,,,,,,,,,,,,,,,,,,,,,,,
38.0028718,23.6633562,,Point,node/1706901929,memorial,,,Μνημείο Αγωνιστών,,,,,,,,,,,,,,,,,,,,,,,,,,,,,,,,,,,,,,,,,
37.975651,23.7518444,,Point,node/2056353119,memorial,statue,,José Gervasio Artigas,,,,Juan Manuel Blanes,copper,,,,2000,,Q252847,es:José Gervasio Artigas,,,,ΣΤΡΑΤΗΓΟΣ ΧΟΣΕ ΑΡΤΙΓΑΣ 1764 - 1850 ΕΛΕΥΘΕΡΩΤΗΣ ΤΗΣ ΟΥΡΟΥΓΟΥΑΗΣ,José Gervasio Artigas,Observation,,,,,,,,,,,,,,,,,,,,,,,
37.9398129,23.6449414,,Point,node/2107461217,memorial,,,Άγαλμα Αντιπλοιάρχου Παναγιώτη Βλαχάκου,,,,,,,,,,,,,sculpture,,artwork,,,,,,,,,,,,,,,,,,,,,,,,,,
37.9403013,23.6453553,,Point,node/2107679112,memorial,,,Άγαλμα Ηρώς Π. Κωνσταντοπούλου,,,,,,,,,,Q12877694,,,sculpture,,artwork,,,,el:Ηρώ Κωνσταντοπούλου,,,,,,,,,,,,,,,,,,,,,,
37.9435883,23.6442653,,Point,node/2108365987,memorial,war_memorial,,SS Clan Fraser,,,,,,,,,,,,,,,,ΤΟ ΣΦΗΝΩΜΕΝΟ ΚΟΜΜΑΤΙ ΛΑΜΑΡΙΝΑΣ ΣΤΟ ΔΕΝΤΡΟ ΑΥΤΟ ΕΙΝΑΙ ΤΜΗΜΑ ΤΟΥ ΠΛΟΙΟΥ CLAN FRAÏSER ΠΟΥ ΕΞΑΡΡΑΓΗ ΤΟ ΒΡΑΔΥ ΤΗΣ 6ης ΠΡΟΣ ΤΗΝ 7 ΑΠΡΙΛΙΟΥ 1941 ΚΑΤΑ ΤΟ ΒΟΜΒΑΡΔΙΣΜΟ ΤΗΣ ΠΟΛΗΣ ΤΟΥ ΠΕΙΡΑΙΑ ΑΠΟ ΤΑ ΓΕΡΜΑΝΙΚΑ «ΣΤΟΥΚΑΣ»,,,en:SS_Clan_Fraser_(1938),ww2,,,,,,,,,,,,,,,,,,,,,
37.9438897,23.6446233,,Point,node/2108366041,memorial,,,Μνημείο Εθνικής Αντίστασης 1941-1944,,,,,,,,,,,,,sculpture,,artwork,,,,,,,,,,,,,,,,,,,,,,,,,,
37.9554724,23.7160656,,Point,node/2165691274,memorial,,,Άγιος Σώστης,,,,,,,,,,,,,,,,,,,,,,,,,,,,,,,,,,,,,,,,,
38.0347624,23.8266502,,Point,node/2302784436,memorial,,,παρκο ηρωων,,,,,,,,,,,,,,,,,,,,,,,,,,,,,,,,,,,,,,,,,
37.9775783,23.7331494,,Point,node/2322332551,memorial,statue,,Χαρίλαος Τρικούπης,Χαρίλαος Τρικούπης,Charilaos Trikoupis,Q4460319,Θωμάς Θωμόπουλος,marble,Charilaos Trikoupis,Charilaos Trikoupis,Харилаос Трикупис,1920,Q197692,Q197692,el:Χαρίλαος Τρικούπης,,,,Η ΕΛΛΑΣ ΘΕΛΕΙ ΝΑ ΖΗΣΗ ΚΑΙ ΘΑ ΖΗΣΗ,Charilaos Trikoupis,,,,,,,,,,,,,,,,,,,,,,,,
38.0448952,23.7516539,,Point,node/2661235184,memorial,,,Άγαλμα της Μητέρας,,,,,,,,,,,,,,,,,,,,,,,,,,,,,,,,,,,,,,,,,
37.9459615,23.6418153,,Point,node/2748891407,memorial,,,Ανδριάντας Γεώργιου Καραϊσκάκη,,,,Λουκία Γεωργαντή,,,,,1966,,,,statue,,artwork,"... το βουνό χρυσή σκάλα, κλέφτες και κουρσάροι, την κατεβαίνανε, και σ' όλους μέσα ποιος; Ένας ξεχώριζε, του γένους το καμάρι, της Καλογριάς ο Γιός! ... ΚΩΣΤΗΣ ΠΑΛΑΜΑΣ",,,,,el:Λουκία Γεωργαντή,,,,,,,,,,,,,,,,,,,,
38.0484017,23.8679415,,Point,node/3054092714,memorial,,,Τάφος Δουκίσσης της Πλακεντίας,Τάφος Δουκίσσης της Πλακεντίας,The Tomb of the Duchess of Plaisance,,,,,,,,,,,,,,,,,,,,,,,,,,,,,,,,,,,,,,,
37.9919182,23.7322965,,Point,node/3054102207,memorial,bust,,Κωνσταντίνος Καβάφης,Κωνσταντίνος Καβάφης,Constantine Cavafy,Q5175062,Κώστας Βαλσάμης,brass,Konstantinos Kavafis,Constantin Cavafy,,1982,Q216980,Q216980,el:Κωνσταντίνος Καβάφης,,,,Κ. Π. ΚΑΒΑΦΗΣ ΠΟΙΗΤΗΣ 1863 - 1933 ΠΑΝΤΑ ΣΤΟ ΝΟΥ ΣΟΥ ΝΑ ΧΕΙΣ ΤΗΝ ΙΘΑΚΗ,Konstantinos Kavafis,,,,,,,,,,,,,,,,,,,,,,,,
37.9915695,23.7314757,,Point,node/3054103273,memorial,bust,,Ιωάννης Τσιγάντες,Ιωάννης Τσιγάντες,,,Κωνσταντίνος Παλαιολόγος,marble,,,Иоаннис Цигантес,,Q15243785,Q15243785,el:Ιωάννης Τσιγάντες,,,,,,,,,,,,,,,,,,,,,,,,,,,,,
37.9846139,23.7296575,,Point,node/3054103878,memorial,stele,,Μνημείο εκτελεσθέντων της ΠΕΑΝ,Μνημείο εκτελεσθέντων της ΠΕΑΝ,,,Μιχάλης Κάσσης,marble,,,,,,,,,,,,,,,,,,,,,,,,,,,,,,,,,,,,
37.9913348,23.7320685,,Point,node/3054106736,memorial,bust,,Σπύρος Πάτσης,Σπύρος Πάτσης,,Q6352629,Νικόλαος Παυλόπουλος,marble,,,,1963,,,,,,,ΣΠΥΡΟΣ ΠΑΤΣΗΣ ΔΗΜΑΡΧΟΣ ΑΘΗΝΑΙΩΝ 1917-1920 1922-1929,,,,,,,,,,,,,,,,,,,,,,,,,
37.9846472,23.729666,,Point,node/3054109097,memorial,bust,,Κώστας Περρίκος,Κώστας Περρίκος,,,Μιχάλης Κάσσης,brass,,,,1987,Q16895005,Q1654759,el:Κώστας Περρίκος,,,,ΚΩΣΤΑΣ ΠΕΡΡΙΚΟΣ ΑΞΙΩΜΑΤΙΚΟΣ ΠΟΛΕΜΙΚΗΣ ΑΕΡΟΠΟΡΙΑΣ ΑΡΧΗΓΟΣ ΤΗΣ ΑΝΤΙΣΤΑΣΙΑΚΗΣ ΟΡΓΑΝΩΣΗΣ ΠΕΑΝ ΤΟΥΦΕΚΙΣΤΗΚΕ ΣΤΗΝ ΚΑΙΣΑΡΙΑΝΗ ΣΤΙΣ 4 ΦΕΒΡΟΥΑΡΙΟΥ 1943 ΑΠΟ ΤΟ ΓΕΡΜΑΝΙΚΟ ΣΤΡΑΤΟ ΚΑΤΟΧΗΣ,,,,,,,,,,,,,,,,,,,,,,,,,
37.9893341,23.7451471,,Point,node/3054118098,memorial,bust,,Στρατηγός Χοσέ ντε Σαν Μαρτίν,Στρατηγός Χοσέ ντε Σαν Μαρτίν,General José de San Martín,Q6292220,Jose Fioravanti,brass,,,,,Q134160,Q134160,el:Χοσέ ντε Σαν Μαρτίν,,,,ΕΙΣ ΜΝΗΜΗN ΤΟΥ ΑΠΕΛΕΥΘΕΡΩΤΗ ΣΤΡΑΤΗΓΟΥ JOSE DE SAN MARTIN ΓΙΑ ΤΑ ΔΙΑΚΟΣΙΑ ΧΡΟΝΙΑ ΤΗΣ ΙΔΡΥΣΗΣ ΤΗΣ ΑΡΓΕΝΤΙΝΗΣ 1810 - 2010,,,,,,,,,,,,,,,,,,,,,,,,,
38.0218974,23.783254,,Point,node/3054120805,memorial,,,Κωστής Παλαμάς,,,,,,,,,,,,,,,,,,,,,,,,,,,,,,,,,,,,,,,,,
37.9696198,23.729925,,Point,node/3054126255,memorial,statue,,Ιωάννης Μακρυγιάννης,Ιωάννης Μακρυγιάννης,Yannis Makriyannis,Q12875249,Γιάννης Παππάς,brass,,Yánnis Makriyánnis,Иоаннис Макрияннис,1989,Q2658023,Q2658023,el:Ιωάννης Μακρυγιάννης,,,,,,,,,,limited,,,,,,,,,,,,,,,,,,,
38.0262658,23.7319951,,Point,node/3188838217,memorial,,,,,,,,,,,,,,,,,,,,,,,,,,,,,,,,,,,,,,,,,,,,
37.946607,23.7147879,,Point,node/3203039511,memorial,statue,,Ελευθέριος Βενιζέλος,,,,,,,,,,,,,,,,,,,,,,,,,,,,,,,,,,,,,,,,,
37.9879414,23.7307227,,Point,node/3234302316,memorial,statue,,Μνημείο πεσόντων του Πολυτεχνείου,Μνημείο πεσόντων του Πολυτεχνείου,,Q839712,,,,,,1979,,Q2628742,el:Εξέγερση του Πολυτεχνείου,,,,,,,,,,,Μέμος Μακρής,,,,,,,,,,,,,,,,,,
37.9753654,23.736382,,Point,node/3250383000,memorial,war_memorial,,Μνημείο Αγνώστου Στρατιώτου,Μνημείο Αγνώστου Στρατιώτου,Tomb of Unknown Soldier,,,,Grab des unbekannten Soldaten,,Могила неизвестного солдата,,,Q3531128,el:Μνημείο του άγνωστου στρατιώτη (Ελλάδα),,Was created in 1930 in honour of the victims of war.,attraction,,Tumba del Soldado Desconocido,,,,,no,,אנדרטת החייל האלמוני,Grób Nieznanego Żołnierza,,,,,,,,,,,,,,,,
37.9692024,23.7396739,,Point,node/3259735697,memorial,statue,,Γεώργιος Αβέρωφ,Γεώργιος Αβέρωφ,Georgios Averof,Q4127231,Γεώργιος Βρούτος,marble,Georgios Averoff,Georges Averoff,Георгиос Аверофф,1896,Q703505,Q703505,el:Γεώργιος Αβέρωφ,,,,ΕΙΣ ΤΟΝ ΕΘΝΙΚΟΝ ΕΥΕΡΓΕΤΗΝ ΓΕΩΡΓΙΟΝ ΑΒΕΡΩΦ Η ΠΑΤΡΙΣ ΕΥΓΝΩΜΟΝΟΥΣΑ,George Averoff,,,,,,,,,George Averoff,,,,,,,,,,,,,,,
37.9810473,23.7328803,,Point,node/3259746372,memorial,statue,,Παναγής Βαλλιάνος,Παναγής Βαλλιάνος,Panagis Vallianos,Q570138,Γεώργιος Μπονάνος,marble,Panayis Vagliano,,Панагис Валлианос,1900,Q2049164,Q2049164,el:Παναγής Βαλλιάνος,,,,,,,,,,,,,,,,,,,,,,,,,,,,,
37.9805396,23.7331507,,Point,node/3259778472,memorial,statue,,Γουλιέλμος Γλάδστων,Γουλιέλμος Γλαδστών,William Gladstone,Q12875042,Γεώργιος Βιτάλης,marble,,,,1886,Q160852,Q160852,el:Γουίλιαμ Γκλάντστοουν,,,,,,,,,,,,,,,,,,,,,,,,,,,,,
37.9806001,23.7336013,,Point,node/3259796205,memorial,statue,,Αδαμάντιος Κοραής,Αδαμάντιος Κοραής,Adamantios Korais,Q4127231,Γεώργιος Βρούτος,marble,Adamantios Korais,Adamántios Koraïs,Адамантиос Кораис,1874,Q319635,Q319635,el:Αδαμάντιος Κοραής,,,,,Adamantios Koraís,,,,,,,,,,,,,,,,,,,,,,,,
37.9806869,23.7335233,,Point,node/3259796206,memorial,statue,,Ιωάννης Καποδίστριας,Ιωάννης Καποδίστριας,Ioannis Kapodistrias,Q570138,Γεώργιος Μπονάνος,marble,Ioannis Kapodistrias,Ioánnis Kapodístrias,Иоанн Каподистрия,,Q220430,Q220430,el:Ιωάννης Καποδίστριας,,,,,Ioannis Kapodistrias,,,,,,,,,,,,,,,,,,,,,,,,
37.978867,23.7416052,,Point,node/3259813930,memorial,statue,,Οδυσσέας Ελύτης,Οδυσσέας Ελύτης,Odysseas Elytis,,Γιάννης Παππάς,bronze,Odysseas Elytis,Odysséas Elýtis,Одисе́ас Эли́тис,1977,,Q160478,el:Οδυσσέας Ελύτης,,,,,Odysséas Elýtis,,,,,,,,,Odysseas Elytīs,,,,,,,,,,,,,,,
37.9814748,23.7346288,,Point,node/3259817557,memorial,statue,,Κωστής Παλαμάς,Κωστής Παλαμάς,Kostis Palamas,Q16062089,Βάσος Φαληρέας,marble,Kostis Palamas,Kostís Palamás,Костис Паламас,1975,Q317967,Q317967,el:Κωστής Παλαμάς,,,,,Kostís Palamás,,,,,,,,,Kostis Palamas,,,,,,,,,,,,,,,
37.9822242,23.7273949,,Point,node/3259831480,memorial,statue,,Περικλής,Περικλής,Statue of Pericles,Q1432499,Heinrich Faltermeier,marble,,,,1971,Q80398,Q80398,el:Περικλής,,,,,,,,,,yes,,,Pomnik Peryklesa,,,,,,,,,,,,,,,,
37.9742076,23.7467469,,Point,node/3263172500,memorial,stele,,Αρμένικο Χατσκάρ,Αρμένικο Χατσκάρ,Armenian Khachkar,,,stone,,,,1996,,,,,,,ΜΝΗΜΗΣ ΧΑΡΙΝ Η ΑΡΜΕΝΙΑ ΤΙΜΩΝΤΑΣ ΤΗΝ ΕΛΛΑΔΑ ΈΣΤΗΣΕ ΤΟ ΜΝΗΜΕΙΟ ΑΥΤΟ ΑΘΗΝΑ 1996,,,,,,,,,,,check position,,,,,,,,,,,,,,
37.9857744,23.7309484,,Point,node/3263172502,memorial,statue,,Τζωρτζ Κάνινγκ,Τζωρτζ Κάνινγκ,George Canning,Q1476802,Francis Leggatt Chantrey,marble,,,,1931,Q219731,Q219731,el:Τζωρτζ Κάνινγκ,,,,GEORGE CANNING 1770 - 1827,,,,,,,,,,,,,,,,,,,,,,,,,
37.9799703,23.7338151,,Point,node/3263172503,memorial,statue,,Πλάτων,Πλάτων,Plato,Q666391,Λεωνίδας Δρόσης,marble,Platon,,Платон,1885,Q859,Q859,el:Πλάτων,,,,ΠΛΑΤΩΝ,Platón,,,,,,,,,,,,,,,,,,,,,,,,
37.980907,23.7334886,,Point,node/3263172504,memorial,statue,,Ρήγας Φεραίος,Ρήγας Φεραίος,Rigas Feraios,Q331399,Ιωάννης Κόσσος,marble,,Rigas Féréos,Ригас Фереос,1871,,Q319684,el:Ρήγας Φεραίος,,,,ΣΠΕΡΜΑΤ ΕΛΕΥΘΕΡΙΗΣ Ο ΦΕΡΑΙΟΣ ΣΠΕΙΡΕΝ ΑΟΙΔΟΣ ΚΑΙ Ο ΜΕΝ ΩΕΛΤΟ ΦΕΥ ΣΠΕΡΜΑ Δ ΕΒΛΑΣΤΕ ΜΕΓΑ,,,,,,,,,,Rigas Feraios,,,,,,,,,,,,,,,
37.9799285,23.7338506,,Point,node/3263172505,memorial,statue,,Σωκράτης,Σωκράτης,Socrates,Q666391,Λεωνίδας Δρόσης,marble,Sokrates,Socrate,Сократ,1885,Q913,Q913,el:Σωκράτης,,,,ΣΩΚΡΑΤΗΣ,Sócrates,,,,,,,,,Socrate,,,,,,,,,,,,,,,
37.9707659,23.7393836,,Point,node/3263189179,memorial,statue,,Γεώργιος Καραϊσκάκης,memoriaal,Georgios Karaiskakis,Q1431741,Μιχάλης Τόμπρος,brass,Georgios Karaiskakis,Yeóryios Karaïskákis,Гео́ргиос Караиска́кис,1966,Q734967,Q734967,el:Γεώργιος Καραϊσκάκης,,,,ΕΓΩ ΠΕΘΑΙΝΩ ΟΜΩΣ ΕΣΕΙΣ ΝΑ ΕΙΣΘΕ ΜΟΝΙΑΣΜΕΝΟΙ ΚΑΙ ΝΑ ΒΑΣΤΗΞΕΤΕ ΤΗΝ ΠΑΤΡΙΔΑ,Georgios Karaiskakis,,,,,,,,,Georgios Karaiskakis,,,,,,,,,,,,,,,
37.978022,23.7330429,,Point,node/3263189180,memorial,statue,,Θεόδωρος Κολοκοτρώνης,Θεόδωρος Κολοκοτρώνης,Theodoros Kolokotronis,Q3558467,Λάζαρος Σώχος,bronze,Theodoros Kolokotronis,Theódoros Kolokotrónis,Теодорос Колокотронис,1900,Q319678,Q319678,el:Θεόδωρος Κολοκοτρώνης,,,,,Theodoros Kolokotronis,,,,,,,,,Theodoros Kolokotronis,,,,,,,,,,,,,,,
37.9920101,23.7334101,,Point,node/3263189183,memorial,statue,,Βασιλιάς Κωνσταντίνος Α',Βασιλιάς Κωνσταντίνος Α',King Constantine I,,Francesco Parisi,brass,,,,1938,Q152099,Q152099,el:Κωνσταντίνος Α΄ της Ελλάδας,,,,,,,,,,,,,,,,,,,,,,,,,,,,,
37.9708339,23.7335656,,Point,node/3263303961,memorial,statue,,Η Ελλάς τον Βύρωνα,Η Ελλάς τον Βύρωνα,Greece crowning Lord Byron,Q2140000,Henri-Michel Chapu;Alexandre Falguière,marble,,,,1895,Q5679,Q5679,el:Λόρδος Βύρων,,,,,,,,,,,,,,,,,,,,,,,,,,,,,
37.9794688,23.7313905,,Point,node/3263420237,memorial,statue,,Μνημείο Εθνικής Συμφιλίωσης,Μνημείο Εθνικής Συμφιλίωσης,Memorial of National Reconciliation,,Βασίλης Δωρόπουλος,,,,,1989,,,,,,,,,,,,,,,,,,,8,,,,,,,,,,,,,
37.9823457,23.7308942,,Point,node/3263626151,memorial,statue,,Αλέξανδρος Παναγούλης,Αλέξανδρος Παναγούλης,Alexandros Panagoulis,,Αχιλλέας Βασιλείου,brass,Alexandros Panagoulis,Aléxandros Panagoúlis,,2012,Q469985,Q469985,el:Αλέξανδρος Παναγούλης,,,,,Alexandros Panagoulis,,,,,,,,,Alexandros Panagulis,,,,,,,,,,,,,,,
37.9884841,23.7521326,,Point,node/3263626160,memorial,stele,,Αναθηματική στήλη των φυλακών Αβερωφ,Αναθηματική στήλη των φυλακών Αβερωφ,,,,marble,,,,2000,,,,,,,ΑΙΩΝΙΑ Η ΜΝΗΜΗ ΣΤΟΥΣ ΕΛΛΗΝΕΣ ΚΑΙ ΤΙΣ ΕΛΛΗΝΙΔΕΣ ΠΟΥ ΚΡΑΤΗΘΗΚΑΝ ΚΑΙ ΘΥΣΙΑΣΤΗΚΑΝ ΣΤΙΣ ΦΥΛΑΚΕΣ ΑΒΕΡΩΦ ΣΤΟ ΟΡΑΜΑ ΤΗΣ ΕΘΝΙΚΗΣ ΕΛΕΥΘΕΡΙΑΣ ΚΑΙ ΤΗΣ ΔΗΜΟΚΡΑΤΙΑΣ - ΣΤΟ ΧΩΡΟ ΑΥΤΟ ΛΕΙΤΟΥΡΓΗΣΑΝ ΕΠΙ ΔΕΚΑΕΤΙΕΣ ΟΙ ΦΥΛΑΚΕΣ ΑΒΕΡΩΦ,,,,,,,,,,,confirm position,,,,,,,,,,,,,,
38.002756,23.7414296,,Point,node/3266795654,memorial,statue,,Κωνσταντίνος Κανάρης,Κωνσταντίνος Κανάρης,Constantine Kanaris,Q4485072,Λάζαρος Φυτάλης,marble,Konstantin Kanaris,Constantin Kanaris,Константин Канарис,1876,Q365201,Q365201,el:Κωνσταντίνος Κανάρης,,,,,,,,,,,,,,,,,,,,,,,,,,,,,
37.9775827,23.7063937,,Point,node/3267064099,memorial,bust,,Αλεξάντερ Φλέμινγκ,Αλεξάντερ Φλέμινγκ,Alexander Fleming,,Θεόδωρος Κολοκοτρώνης,marble,Alexander Fleming,Alexander Fleming,Александр Флеминг,1960,,Q37064,el:Αλεξάντερ Φλέμινγκ,,,,ΕΙΣ ΜΝΗΜΗΝ ΥΠΕΡΟΧΟΥ ΕΠΙΣΤΗΜΟΝΟΣ ΕΥΕΡΓΕΤΟΥ ΑΝΘΡΩΠΟΤΗΤΟΣ ΑΛΕΞ. ΦΛΕΜΙΝΓΚ 1881 - 1955,Alexander Fleming,,,,,,,,,Alexander Fleming,check position,,,,,,,,,,,,,,
37.9791531,23.7416931,,Point,node/3267064100,memorial,plaque,,Αλέξανδρος Παπαδιαμάντης,Αλέξανδρος Παπαδιαμάντης,Alexandros Papadiamantis,,Θωμάς Θωμόπουλος,marble,Alexandros Papadiamantis,Alexandre Papadiamandis,Александрос Пападиамандис,,,Q320984,el:Αλέξανδρος Παπαδιαμάντης,,,,,Aléxandros Papadiamantis,,,,,,,,,Alexandros Papadiamantis,fix position,,,,,,,,,,,,,,
38.0201043,23.7414204,,Point,node/3267064101,memorial,bust,,Αλέξανδρος Παπαδιαμάντης,Αλέξανδρος Παπαδιαμάντης,Alexandros Papadiamantis,Q4135734,Λουκία Γεωργαντή,marble,Alexandros Papadiamantis,Alexandre Papadiamandis,Александрос Пападиамандис,1969,Q320984,Q320984,el:Αλέξανδρος Παπαδιαμάντης,,,,,Aléxandros Papadiamantis,,,,,,,,,Alexandros Papadiamantis,,,,,,,,,,,,,,,
37.9624422,23.7225772,,Point,node/3267064102,memorial,bust,,Γιωργάκης Ολύμπιος,Γιωργάκης Ολύμπιος,Giorgakis Olympios,,Θεόδωρος Παπαγιάννης,brass,Giorgakis Olympios,,Георгакис Олимпиос,,,Q1525317,el:Γεωργάκης Ολύμπιος,,,,"ΓΕΩΡΓΑΚΗΣ ΟΛΥΜΠΙΟΣ 1772 - 1821.
ΓΕΝΝΗΘΗΚΕ ΣΤΟ ΛΙΒΑΔΙ ΟΛΥΜΠΟΥ.
ΣΗΜΑΙΝΟΝ ΣΤΕΛΕΧΟΣ ΤΗΣ ΦΙΛΙΚΗΣ ΕΤΑΙΡΕΙΑΣ.
ΠΡΩΤΟΣΤΑΤΗΣΕ ΣΤΗΝ ΕΠΑΝΑΣΤΑΣΗ ΤΟΥ 1821.
ΠΟΛΕΜΗΣΕ ΤΟΥΣ ΤΟΥΡΚΟΥΣ ΣΤΗ ΜΟΛΔΟΒΛΑΧΙΑ ΚΑΙ ΘΥΣΙΑΣΤΗΚΕ ΣΤΗ ΜΟΝΗ ΤΟΥ ΤΣΕΚΟΥ.",,,,,,,,,,,,,,,,,,,,,,,,,
37.9765745,23.7538316,,Point,node/3267064103,memorial,bust,,Χοσέ Μαρτί,Χοσέ Μαρτί,José Martí,,Alberto Lescay,brass,José Martí,José Martí,Хосе Марти,2000,,Q103285,en:José Martí,,,,ΧΟΣΕ ΜΑΡΤΙ ΕΘΝΙΚΟΣ ΗΡΩΑΣ ΤΗΣ ΔΗΜΟΚΡΑΤΙΑΣ ΤΗΣ ΚΟΥΒΑΣ 1853 - 1895,José Martí,,,,,,,,,José Martí,,,,,,,,,,,,,,,
38.0173333,23.7410953,,Point,node/3267064104,memorial,bust,,Γιαννούλης Χαλεπάς,Γιαννούλης Χαλεπάς,Yannoulis Chalepas,Q4135734,Λουκία Γεωργαντή,marble,Giannoulis Chalepas,Yannoulis Halepas,Яннулис Халепас,1972,Q331158,Q331158,el:Γιαννούλης Χαλεπάς,,,,,,,,,,,,,,,,,,,,,,,,,,,,,
37.9769185,23.7517933,,Point,node/3267064129,memorial,bust,,Ιωάννης Χατζηπατέρας,Ιωάννης Χατζηπατέρας,,,Μαίρη Παπακωνσταντίνου,brass,,,,2000,,,,,,,Ι. ΑΔ. ΧΑΤΖΗΠΑΤΕΡΑΣ 1926 - 1999,,,,,,,,,,,,,,,,,,,,,,,,,
37.9731682,23.7342987,,Point,node/3267064130,memorial,bust,,Τίμος Μωραϊτίνης,Τίμος Μωραϊτίνης,,,Λουκία Γεωργαντή,marble,,,,1969,,Q12885215,el:Τίμος Μωραϊτίνης,,,,,,,,,,,,,,,,,,,,,,,,,,,,,
37.9712608,23.7363759,,Point,node/3268449368,memorial,statue,,Ευάγγελος Ζάππας,Ευάγγελος Ζάππας,Evangelos Zappas,Q331399,Ιωάννης Κόσσος,marble,Evangelos Zappas,Evángelos Záppas,Евангелис Заппас,1864,Q463901,Q463901,el:Ευάγγελος Ζάππας,,,,,Evangelos Zappas,,,,,,,,,Evangelis Zappas,,,,,,,,,,,,,,,
37.9711578,23.73665,,Point,node/3268449369,memorial,statue,,Κωνσταντίνος Ζάππας,Κωνσταντίνος Ζάππας,Konstantinos Zappas,Q4127231,Γεώργιος Βρούτος,marble,,,,1888,,Q860752,el:Κωνσταντίνος Ζάππας,,,,,,,,,,,,,,,,,,,,,,,,,,,,,
38.0425155,23.6836281,,Point,node/3305600661,memorial,bust,,Προτομή Θεοδώρου Κολοκοτρώνη,,,,,,,,,,,,,,,,,,,,,,,,,,,,,,,,,,,,,,,,,
38.0425236,23.6836352,,Point,node/3305600761,memorial,bust,,Προτομή Μάρκου Μπότσαρη,,,,,,,,,,,,,,,,,,,,,,,,,,,,,,,,,,,,,,,,,
38.0425195,23.6836316,,Point,node/3305600762,memorial,bust,,Προτομή Παπαφλέσσα,,,,,,,,,,,,,,,,,,,,,,,,,,,,,,,,,,,,,,,,,
38.0126092,23.6947811,,Point,node/3361344499,memorial,statue,,Κωνσταντίνος Καραθεοδωρή,,,,,,,,,,,,,,,,,,,,,,,,,,,,,,,,,,,,,,,,,
37.9519253,23.6945866,,Point,node/3369869106,memorial,bust,,Φρεντερίκ Μιστράλ,Φρεντερίκ Μιστράλ,Frederic Mistral,,,,,Frédéric Mistral,,,,,,,,,,,,,,,,,,,,,,,,,,,,,,,,,,
38.0396184,23.6792077,,Point,node/3377755493,memorial,stele,,Μνημείο Εθνικής Αντιστάσεως,,,,,,,,,,,,,,,,,,,,,,,,,,,,,,,,,,,,,,,,,
38.039923,23.679759,,Point,node/3377755693,memorial,bust,,Προτομή Νίκου Παξιμαδά,,,,,,,,,,,,,,,,,,,,,,,,,,,,,,,,,,,,,,,,,
37.9431864,23.6439013,,Point,node/3487582486,memorial,,,Ανδρέας Μιαούλης,,,,,,,,,,,,,,,,,,,,,,,,,,,,,bust,,,,,,,,,,,,
37.9079433,23.7153379,,Point,node/3621805585,memorial,bust,,Θουκυδίδης,,Thucydides,,,,,,,,,,,,,,,,,,,,,,,,,,,,,,,,,,,,,,,
37.9629995,23.8028769,,Point,node/3713898450,memorial,,,Μνημείο Κυπρίων Ηρώων,,,,,,,,,,,,,,,,,,,,,,,,,,,,,plaque,,,,,,,,,,,,
37.9560858,23.7029899,,Point,node/3731777476,memorial,statue,,Ηρώον Ελλήνων του Πόντου,,,,,,,,,,,,,,,,,,,,,,,,,,,,,,,,,,,,,,,,,
37.9557539,23.7025725,,Point,node/3731777477,memorial,statue,,Κ. Δαβάκης,,K. Davakis,,,,,,,,,,,,,,,,,,,,,,,,,,,,,,,,,,,,,,,
37.9574514,23.7008462,,Point,node/3731796995,memorial,,,,,,,,,,,,,,,,,,,,,,,,,,,,,,,,,,,,,,,,,,,,
37.9468605,23.7141744,,Point,node/3732291860,memorial,stele,,,,,,,,,,,,,,,,,,,,,,,,,,,,,,15,,,,,,,,,,,,,
38.078114,23.7345053,,Point,node/3734495396,memorial,,,,,,,,,,,,,,,,,,,,,,,,,,,,,,,,,,,,,,,,,,,,
37.9493324,23.7066577,,Point,node/3737462990,memorial,war_memorial,,Μνημείο Σοβιετικών Μαχητών,,,,artist_nameVyacheslav Klykov,,,,,2005,,,,,"Μνημείο Σοβιετικών Μαχητών, Πεσόντων για την Ελευθερία και Ανεξαρτησία της Ελλάδος (1941-1944)",,,,,,WW2,,,,,,,,,,,,,,,,,,,,,
37.9518698,23.7084524,,Point,node/3737462991,memorial,,,,,,,,,,,,,,,,,,,,,,,,,,,,,,,,,,,,,,,,,,,,
37.9499286,23.6999037,,Point,node/3737462993,memorial,,,,,,,,,,,,,,,,,,,,,,,,,,,,,,,,,,,,,,,,,,,,
38.1625432,23.7939067,,Point,node/3824323160,memorial,,,Κοζάκος κυνηγός,,,,,,,,,,,,,,,,,,,,,,,,,,,,,statue,,,,,,,,,,,,
37.9710414,23.7298973,,Point,node/3831677274,memorial,,,Μνημείο Λυσικράτους,,,,,,,,,,,,,,,,,,,,,,no,,,,,,,,,,,,,,,,,,,
37.9493397,23.7096289,,Point,node/3946247170,memorial,,,Χρυσόστομος Σμύρνης,,,,,,,,,,,,,,,,,,,,,,,,,,,,,,,,,,,,,,,,,
37.9115,23.7450611,,Point,node/4031330757,memorial,,,Ολυμπιακή Αεροπορία,,Olympic Airways,,,,,,,,,,,sculpture,,,OLYMPIC AIRWAYS,,,,,,,,,,,,26,,http://img-s-msn-com.akamaized.net/tenant/amp/entityid/BBB0B7M.img?h=1080&w=1920&m=6&q=60&o=f&l=f,10,,,,,,,,,,
37.9423169,23.6904762,,Point,node/4032217321,memorial,,,,,,,,,,,,,,,,,,,,,,,,,,,,,,,,,,,,,,,,,,,,
37.9613739,23.7019941,,Point,node/4037709932,memorial,,,,,,,,,,,,,,,,,,,,,,,,,,,,,,,,,,,,,,,,,,,,
37.9765529,23.7385836,,Point,node/4043981624,memorial,,,Το κολαστήριο της Γκεστάπο,,,,,,,,,,,,,,,,,,,,,,,,,,,,,,,,,,,,,,,,,
37.8396908,23.762268,,Point,node/4045645075,memorial,,,,,,,,,,,,,,,,,,,,,,,,,,,,,,,,,,,,,,,,,,,,
37.8852777,24.0132291,,Point,node/4112336369,memorial,,,Αφανής ναύτης,,,,,,,,,,,,,,,,,,,,,,,,,,,,,,,,,,,,,,,,,
37.9450153,23.6661438,,Point,node/4200845780,memorial,,,Μνημείο Γ. Καραϊσκάκη,,,,,,,,,,,,,,,,,,,,,,,,,,,,,,,,,,,,,,,,,
37.9810641,23.7350567,,Point,node/4209983308,memorial,statue,,Κυβέλη,Κυβέλη,Kyveli,Q16062089,Βάσος Φαληρέας,marble,Kyveli,Kyveli,Кибела,1975,Q317967,Q5197661,el:Κυβέλη (ηθοποιός),,,,,Kyveli,,,,,,,,,Kyveli,,,,,,,,,,,,,,,
37.9451788,23.6664422,,Point,node/4230022976,memorial,,,,,,,,,,,,,,,,,,,,,,,,,,,,,,,,,,,,,,,,,,,,
37.9825401,23.7371181,,Point,node/4324847490,memorial,,,Έλλη Λαμπέτη,,,,,,,,,,,,,,,,,,,,,,yes,,,,,,,,,,,,,,,,,,,
37.9389537,23.6499708,,Point,node/4325930397,memorial,memorial,,Μνημείο Πρωτομαγιάς,,,,,,,,,,,,,,,,Τιμούμε τους νεκρούς ήρωες της τάξης μας που έπεσαν σε τούτο εδώ τον τόπο στις 23 Αυγούστου 1923 – Ε.Κ.Π. – 1 Μάη 1996,,,,,,,,,,,,,,,,,,,,,,,,,
37.9104485,23.711021,,Point,node/4338561742,memorial,,,,,,,,,,,,,,,,,,,,,,,,,,,,,,,,,,,,,,,,,,,,
37.9028887,23.719394,,Point,node/4341925521,memorial,statue,,Στρατηγός Στέφανος Σαράφης,,,,Ηρακλής Ξανθόπουλος,,,,,,,,,,,,,,,,,,,,,,,,,,,,,,,,,,,,,
37.9334876,23.6849006,,Point,node/4347195598,memorial,statue,,Αδριάντας Παύλου Κουντουριώτη,,,,,,,,,,,,,,,,,,,,,,,,,,,,,,,,,,,,,,,,,
37.9736484,23.7509081,,Point,node/4384284823,memorial,,,Μνημείο αγώνων ΕΟΚΑ 1955-1959,,,,,,,,,,,,,,,,,,,,,,,,,,,,,,,,,,,,,,,,,
37.9894587,23.7709766,,Point,node/4384294344,memorial,,,Νίκος Μπελογιάννης,,,,,,,,,,,,,,,,,,,,,,,,,,,,,,,,,,,,,,,,,
37.9751612,23.730763,,Point,node/4384306640,memorial,,,Εις μνήμην των θυμάτων της Μικρασιατικής καταστροφής,,,,,,,,,,,,,,,,,,,,,,yes,,,,,,,,,,,,,,,,,,,
37.963264,23.7515716,,Point,node/4394189840,memorial,plaque,,Μνημείο εθνικής αντίστασης,,,,,,,,,,,,,,,,,,,,,,,,,,,,,,,,,,,,,,,,,
38.0375629,23.7999078,,Point,node/4416055363,memorial,bust,,Νίκος Γούναρης,,,,,,,,,,,,,sculpture,,artwork,Νίκος Γούναρης (1915-1965),,,,,,,,,,,,,,,,Μαρούσι,Κηφισίας,,,,,,,,
37.9699807,23.7290788,,Point,node/4419374489,memorial,,,Αγάλματα από τη Ρωμαϊκή Σκηνή του Θεάτρου του Διονύσου,Αγάλματα από τη Ρωμαϊκή Σκηνή του Θεάτρου του Διονύσου,Statues from the Roman Stage of the Theatre of Dionysus,,,,,,,,,,,,,,,,,,,,,,,,,,,,,,,,,,,,,,,
37.9753435,23.7223258,,Point,node/4429361299,memorial,,,Emperor Hadrian (117 to 138 AD),,,,,,,,,,,,,,,artwork,,,,,,,yes,,,,,,,statue,,,,,,,,,,,,
37.951015,23.716256,,Point,node/4443025099,memorial,sculpture,,,,,,,,,,,,,,,,,,,,,,,,,,,,,,,,,,,,,,,,,,,
37.9559935,23.7016698,,Point,node/4454686383,memorial,statue,,Ελ. Βενιζέλος,,,,,,,,,,,,,,,,,,,,,,,,,,,,,,,,,,,,,,,,,
37.8823438,23.9324449,,Point,node/4460432218,memorial,,,,,,,,,,,,,,,,,,,,,,,,,,,,,,,,,,,,,,,,,,,,
37.9844394,23.7661951,,Point,node/4538208563,memorial,,,Ηρώον,,,,,,,,,,,,,,,,,,,,,,,,,,,,,,,,,,,,,,,,,
38.0306673,23.746719,,Point,node/4562450835,memorial,,,Άγαλμα Τάκη Σινόπουλου,,,,,,,,,,,,,,,,,,,,,,,,,,,,,,,,Νέα Ιωνία,Σινοπούλου,,,,,,,,
37.9815913,23.7273266,,Point,node/4593019692,memorial,,,,,,,,,,,,,,,,,,,,,,,,,yes,,,,,,,,,,,,,,,,,,,
37.9731053,23.7350885,,Point,node/4788492488,memorial,bust,,Προτομές Ευριπίδη-Σοφοκλή-Αισχύλου,,,,,,,,,,,,,,,,,,,,,,,,,,,,,,,,,,,,,,,,,
37.8214496,23.7729362,,Point,node/4854227101,memorial,war_memorial,,ΜΝΗΜΕΙΟ ΠΕΣΟΝΤΩΝ Λ.Ο.Κ. 1,,,,,,,,,,,,,,,,,,,,,,,,,,,,,,,,,,,,,,,,,
37.9846976,23.7346986,,Point,node/4881298374,memorial,,,Μνημείο Αλέξανδρου Γρηγορόπουλου,,,,,,,,,,,,,,,,,,,,,,yes,,,,,,,,,,Αθήνα,Μεσολογγίου,,,,,,,,
38.1590755,23.7287411,,Point,node/4885998762,memorial,,,Μνημείο εκτελεσθέντων Σαρακατσάνων,,,,,,,,,,,,,,,,,,,,,,,,,,,,,,,,,,,,,,,,,
37.9323315,23.5360499,,Point,node/4934344437,memorial,,,,,,,,,,,,,,,,,,,,,,,,,,,,,,,,,,,,,,,,,,,,
37.9721581,23.723566,,Point,node/4944919758,memorial,plaque,,,,,,,,,,,,,,,,,,,,,,,,,,,,,,,,,,,,"Απόσπασμα από το κήρυγμα του Αποστόλου Παύλου στον Άρειο Πάγο. Καινή διαθήκη, Βιβλίο: Πράξεις Αποστόλων 17:22-31","Quote from the sermon by Apostle Paul at the Areopagus Hill. New testament, Acts of the Apostles 17:22-31",,,,,,
38.0831507,23.9788617,,Point,node/5127148226,memorial,,,,,,,,,,,,,,,,,,,,,,,,,,,,,,,,statue,,,,,,,,,,,,
38.0913626,23.8199418,,Point,node/5131852744,memorial,,,Άγαλμα Πλαστήρα,,,,,,,,,,,,,,,,,,,,,,,,,,,,,statue,,,,,,,,,,,,
37.9469323,23.5512197,,Point,node/5174547662,memorial,,,Μνημείο Σαλαμινομάχων,,,,,,,,,,,,,,,,,,,,,,,,,,,,,statue,,,,,,,,,,,,
38.030798,23.7480357,,Point,node/5190465132,memorial,bust,,Προτομή Σούλης Σουρή,,,,,,,,,,,,,,,,Σούλη Σουρή Ζωγράφος-Συγγραφέας 1946-1993,,,,,,,,,,,,,,,,Νέα Ιωνία,Λόρδου Βύρωνα,,,,,,,,
38.0429027,23.7421723,,Point,node/5198996653,memorial,bust,,Θεόδωρος Κολοκοτρώνης,,,,,,,,,,,,,,,,,,,,,,,,,,,,,,,,Νέα Φιλαδέλφεια,Δεκελείας,,,,,,,,
37.9752889,23.7231886,,Point,node/5223418524,memorial,,,,,,,,,,,,,,,,,,artwork,,,,,,,yes,,,,,,,statue,,,,,,,,,,,,
37.975286,23.7230935,,Point,node/5223418525,memorial,,,,,,,,,,,,,,,,,,artwork,,,,,,,yes,,,,,,,statue,,,,,,,,,,,,
37.9752828,23.7229985,,Point,node/5223418526,memorial,,,,,,,,,,,,,,,,,,artwork,,,,,,,yes,,,,,,,statue,,,,,,,,,,,,
37.9752908,23.7232817,,Point,node/5223418527,memorial,,,,,,,,,,,,,,,,,,artwork,,,,,,,yes,,,,,,,statue,,,,,,,,,,,,
38.0371087,23.7390171,,Point,node/5263291694,memorial,statue,,Ελευθέριος Βενιζέλος,,,,,,,,,,,,,,,,,,,,,,,,,,,,,,,,,,,,,,,,,
37.982569,23.7646926,,Point,node/5263491643,memorial,,,Προτομή,,,,,,,,,,,,,,,,,,,,,,,,,,,,,,,,,,,,,,,,,
38.0224902,23.8002161,,Point,node/5302585924,memorial,bust,,Ελευθέριος Βενιζέλος,,,,,,,,,,,,,,,,,,,,,,,,,,,,,,,,,,,,,,,,,
38.0167328,23.7401311,,Point,node/5303547994,memorial,statue,,Εύα,,,,,,,,,,,,,,,,,,,,,,,,,,,,,,,,,,,,,,,,,
38.0167846,23.7395947,,Point,node/5303551622,memorial,bust,,Κωνσταντίνος Νικολόπουλος,,,,,,,,,,,,,,,,Κωνσταντίνος Νικολόπουλος Δήμαρχος Αθηναίων 1951-1955,,,,,,,,,,,,,,,,,,,,,,,,,
37.9992657,23.6834857,,Point,node/5343854903,memorial,statue,,Γεώργιος Α. Παπανδρέου,,,,,,,,,,,,,,,,,,,,,,,,,,,,,,,,Αιγάλεω,Θηβών,,,,,,,,
38.0379601,23.7392846,,Point,node/5348064027,memorial,,,,,,,,,,,,,,,,,,,,,,,,,,,,,,,,,,,,,,,,,,,,
37.9138928,23.8747752,,Point,node/5353114791,memorial,sculpture,,Mother and child,,,,,,,,,,,,,,,,,,,,,,,,,,,,,,,,,,,,,,,,,
37.9733894,24.0092908,,Point,node/5363673121,memorial,,,,,,,,,,,,,,,,,,,,,,,,,,,,,,,,,,,,,,,,,,,,
38.0369527,23.7637562,,Point,node/5382962314,memorial,plaque,,Μνημείο του Μπλόκου της Καλογρέζας,,,,,,,,,,,,,,,,"Στην Καλογρέζα σαν περνάς Ξέγνοιαστε εσύ διαβάτη, Με ευλάβεια πρέπει να πατάς, Γιατί σε τούτα τα ληθάρια Έπεσαν για τη λευτεριά 22 παλικάρια (Γιάννης Ρίτσος)",,,,,,,,,,,,,,,,Νέα Ιωνία,Εθνικής Αντιστάσεως,,,,,,,,
38.052533,23.8086129,,Point,node/5409645268,memorial,statue,,Αμαρυσία Άρτεμις,,,,,,,,,,,,,,,,,,,,,,,,,,,,,,,,Μαρούσι,Βασιλίσσης Σοφίας,,,,,,,,
38.080464,23.7361261,,Point,node/5424608284,memorial,statue,,Old Statue,,,,,,,,,,,,,,,yes,,,,,,,,,,,,,,,,,,,,,,,,,,
37.9774695,23.6470702,,Point,node/5496405129,memorial,,,,,,,,,,,,,,,,,,,,,,,,,,,,,,,,,,,,,,,,,,,,
38.0126065,23.7534029,,Point,node/5521204524,memorial,statue,,Μνημείο Εθνικής Αντίστασης,,,,,,,,,,,,,,,,Μνημείο Εθνικής Αντίστασης 1941-1944 ΕΜΠΡΟΣ Ε.Λ.Α.Σ. ΓΙΑ ΤΗΝ ΕΛΛΑΔΑ ΣΤΟΥΣ ΑΓΩΝΙΣΤΕΣ ΠΟΥ ΠΑΛΕΨΑΝ ΓΙΑ ΛΕΥΤΕΡΙΑ ΚΑΙ ΑΝΕΞΑΡΤΗΣΙΑ,,,,,,,,,,,,,,,,Γαλάτσι,Αγίας Γλυκερίας,,,,,,,,
37.949475,23.7366914,,Point,node/5552060572,memorial,bust,,Θεόδωρος Κολοκοτρώνης,,,,,,,,,,,,,,,,,,,,,,,,,,,,,,,,,,,,,,,,,
37.9827978,23.7565292,,Point,node/5570525857,memorial,bust,,Λορέντζος Μαβίλης,,,,,,,,,,,,,,,,,,,,,,,,,,,,,,,,,,,,,,,,,
37.9866502,23.7349461,,Point,node/5589904461,memorial,sculpture,,Οι Τρεις Έρωτες,,,,,,,,,,,,,,,,,,,,,,yes,,,,,,,,,,,,,,,,,,,
37.9976686,23.735327,,Point,node/5620703821,memorial,sculpture,,Τρεις Έρωτες,,,,,,,,,,,,,,,,,,,,,,,,,,,,,,,,,,,,,,,,,
38.0338106,23.7373239,,Point,node/5630170020,memorial,statue,,Πατριάρχης Κωνσταντίνος ΣΤ΄,,,,,,,,,,,,,,,,,,,,,,,,,,,,,,,,,,,,,,,,,
38.0501101,23.808759,,Point,node/5644345041,memorial,statue,,Σπύρος Λούης,,,,,,,,,,,,,,,,"Σπύρος Λούης, Μαρουσιώτης Ολυμπιονίκης Μαραθωνίου, 1896",,,,,,,,,,,,,,,,Μαρούσι,Κηφισίας,,,,,,,,
37.9399565,23.6991003,,Point,node/5694400774,memorial,bust,,Σωτήρης Περάκης,,,,,,,,,,,,,,,,,,,,,,,,,,,,,,,,,,,,,,,,,
38.1546179,23.7499518,,Point,node/5696990728,memorial,,,Μνημείο ΚΕΑΠ,,,,,,,,,,,,,,,,,,,,,,,,,,,,,,,,,,,,,,,,,
37.9361586,23.6926074,,Point,node/5708619454,memorial,bust,,,,,,,,,,,,,,,,,,,,,,,,,,,,,,,,,,,,,,,,,,,
37.9879676,23.7545782,,Point,node/5735041185,memorial,war_memorial,,,,,,,,,,,,,,,,,,"ΤΙΜΗ ΚΑΙ ΔΟΞΑ
ΣΤΟΥΣ ΗΡΩΙΚΟΥΣ ΜΑΧΗΤΕΣ ΤΟΥ ΚΚΕ ΚΑΙ ΤΟΥ ΕΑΜ-ΕΛΑΣ
ΠΟΥ ΠΟΛΕΜΗΣΑΝ ΤΟ ΔΕΚΕΜΒΡΗ ΤΟΥ 1944
ΕΝΑΝΤΙΑ ΣΤΗΝ ΑΣΤΙΚΗ ΤΑΞΗ
ΚΑΙ ΤΟΝ ΕΓΓΛΕΖΙΚΟ ΙΜΠΕΡΙΑΛΙΣΜΟ

ΚΚΕ",,,,,,,,,,,,,,,,,,,,,,,,,
38.0130631,23.6966485,,Point,node/5762099430,memorial,statue,,Πόντια μάνα,,,,,,,,,,,,,,,,,,,,,,,,,,,,,,,,,,,,,,,,,
38.0140674,23.6948693,,Point,node/5762106053,memorial,statue,,Άγιος Χρυσόστομος Σμύρνης,,,,,,,,,,,,,,,,Ο Άγιος Χρυσόστομος Σμύρνης,,,,,,,,,,,,,,,,,,,,,,,,,
37.9506143,23.6897293,,Point,node/5838320135,memorial,war_memorial,,Μνημείο Πεσόντων,,,,,,,,,,,,,,,,"Εκτελέσθηκαν την 31-8-1944 από τα γερμανικά στρατεύματα κατοχής, Μαχητές του ΕΛΑΣ 12, Σοβιετικοί στρατιώτες-ΕΛΑΣ 3, Πολίτες 11",,,,WW2,,,,,,,,,,,,,,,,,,,,,
37.9177102,23.7040493,,Point,node/5873788442,memorial,,,,,The Phaleron Cremation Memorial,,,,,,,,,,,,,,,,,,,,,,,,,,,,,,,,,,,,,,,
37.9181884,23.7055673,,Point,node/5873791938,memorial,,,The Cross of Sacrifice,Ο Σταυρός της Θυσίας,The Cross of Sacrifice,,,,,,,,,,,,,,,,https://www.cwgc.org/find-a-cemetery/cemetery/2022200/CemeteryPlan.ashx?id=2022200,,,,,,,,,,,,,,,,,,cross,,,,,
37.9175092,23.7050792,,Point,node/5873797582,memorial,stone,,Πολεμικό κοιμητήριο Φαλήρου,Λίθος της Μνήμης,Stone of Remembrance,,,,Phaleron Soldatenfriedhof,,Военное кладбище Фалера,,,,,,,,,,https://www.cwgc.org/find-a-cemetery/cemetery/2022200/CemeteryPlan.ashx?id=2022200,,,,,,,,,,,,,,,,,,,,,,,
37.9478557,23.6300466,,Point,node/5901801595,memorial,,,,,,,,marble,,,,,,,,,,,Σ' αυτούς που δώσανε τη ζωή τους για την πατρίδα και την λευτεριά,,,,,,,,,,,,,,,,,,,,,,,,,
37.953162,23.6557743,,Point,node/5905449609,memorial,,,,,,,,,,,,,,,,,,,,,,,,,,,,,,,,,,,,,,,,,,,,
38.0464532,23.7664922,,Point,node/5908914549,memorial,bust,,Θεόδωρος Κολοκοτρώνης,,,,,,,,,,,,,,,,,,,,,,,,,,,,,,,,,,,,,,,,,
37.9303585,23.7447033,,Point,node/5922171823,memorial,statue,,Γρηγόρης Λαμπράκης,,,,,,,,,,,,,,,,ΓΡΗΓΟΡΗΣ ΛΑΜΠΡΑΚΗΣ,,,,,,,,,,,,,,,,,,,,,,,,,
37.9489409,23.7265598,,Point,node/5939041712,memorial,sculpture,,,,,,,,,,,,,,,,,,"Αν είναι να πεθάνει κανείς
για την πατρίδα και το λαό,
δεύτερος έρχεται ο θάνατος
πρώτη η ΛΕΥΤΕΡΙΑ",,,,,,,,,,,,,,,,,,,,,,,,,
38.0209089,24.0090027,,Point,node/6023328695,memorial,,,,,,,,,,,,,,,,,,,,,,,,,,,,,,,,,,,,,,,,,,,,
38.017713,24.0114981,,Point,node/6028215490,memorial,war_memorial,,,,,,,,,,,,,,,,,,,,,,,,,,,,,,,,,,,,,,,,,,,
38.0170828,24.0096658,,Point,node/6028215499,memorial,,,,,,,,,,,,,,,,,,,,,,,,,,,,,,,,,,,,,,,,,,,,
38.0203171,24.0067733,,Point,node/6028215506,memorial,war_memorial,,,,,,,,,,,,,,,,,,,,,,,,,,,,,,,,,,,,,,,,,,,
38.019747,24.005454,,Point,node/6028215507,memorial,person,,,,,,,,,,,,,,,,,,,,,,,,,,,,,,,,,,,,,,,,,,,
37.9656522,23.6436783,,Point,node/6111090829,memorial,memorial,,Μάντρα Μπλόκου Κοκκινιάς,,,,,,,,,,,,,,,,,,,,,,,,,,,,,,,,,,,,,,,,,
37.9517538,23.5276704,,Point,node/6506548450,memorial,,,Battle of Salamis Memorial,,,,,,,,,,,,,,,,,,,,,,,,,,,,,,,,,,,,,,,,,
38.0015539,23.7193593,,Point,node/6517699952,memorial,,,,,,,,,,,,,,,,,,,,,,,,,,,,,,,,,,,,,,,,,,,,
37.9388823,23.6403955,,Point,node/6522222972,memorial,statue,,Μνημείο του Αφανούς Ναυτικού,,,,Γεώργιος Ρούσης,metal,,,,2019-04,,,,,,,,,,,,,,,,,,,,,,,,,,,,,,,,
37.9733401,23.7081083,,Point,node/6538470600,memorial,,,Σταύρος Καλέργης,,,,,,,,,,,,,,,,,,,,,,,,,,,,,,,,,,,,,,,,,
37.9804935,23.7338424,,Point,node/6540927365,memorial,statue,,Πατριάρχης Γρηγόριος Ε΄,,,,,marble,,,,,,,,,,,,,,,,,,,,,,,,,,,,,,,,,,,,
37.9805508,23.7343071,,Point,node/6549122886,memorial,sculpture,,Παναγιώτης Κανελλόπουλος,,,,,marble,,,,,,,,,,,"ΠΑΝΑΓΙΩΤΗΣ Κ. ΚΑΝΕΛΛΟΠΟΥΛΟΣ
1902-1986
ΠΡΩΘΥΠΟΥΡΓΟΣ ΤΗΣ ΕΛΛΑΔΟΣ
ΚΑΘΗΓΗΤΗΣ ΠΑΝΕΠΙΣΤΗΜΙΟΥ
ΑΚΑΔΗΜΑΪΚΟΣ

Μόνον ιδέες, όπως η Ελλάς και η Ελευθερία, είναι δυνατόν να συνδέουν τη ματαιότητα με το αιώνιο.
Π.Κ.",,,,,,,,,,,,,,,,,,,,,,,,,
37.9807001,23.7343636,,Point,node/6564882103,memorial,bust,,Ασπασία,,,,,marble,,,,,,,,,,,ΑΣΠΑΣΙΑ,,,,,,,,,,,,,,,,,,,,,,,,,
37.9617059,23.7223168,,Point,node/6606589077,memorial,war_memorial,,Μνημείο Εθνικής Αντίστασης,,,,,stone,,,,,,,,,,,"ΕΔΩ ΕΚΤΕΛΕΣΤΗΚΑΝ ΣΤΙΣ 29-8-1944
ΑΠΟ ΤΟΥΣ ΓΕΡΜΑΝΟΥΣ ΦΑΣΙΣΤΕΣ
ΟΙ 6 ΕΠΟΝΙΤΕΣ ΠΟΥ ΠΟΛΕΜΗΣΑΝ
ΓΙΑ ΤΗΝ ΛΕΥΤΕΡΙΑ ΤΗΣ ΠΑΤΡΙΔΑΣ

ΑΓΓΕΛΙΚΗ ΚΟΥΛΑ – ΞΑΝΘΟΥΛΑ
ΓΑΒΑΛΑΣ ΜΑΡΚΟΣ
ΔΗΜΗΤΡΙΑΔΗΣ ΚΩΣΤΑΣ
ΙΩΑΝΝΙΔΗΣ ΤΑΣΟΣ
ΚΑΠΟΤΑΣ ΠΕΤΡΟΣ
ΠΑΠΑΚΩΝΣΤΑΝΤΙΝΟΥ ΠΑΥΛΟΣ",,,,,,,,,,,,,,,,,,,,,,,,,
37.9883965,23.7321503,,Point,node/6614268646,memorial,bust,,Λέλα Καραγιάννη,,,,,marble,,,,,,,,,,,,,,,,,,,,,,,,,,,,,,,,,,,,
37.9631688,23.7512554,,Point,node/6753536569,memorial,statue,,Αρχιεπίσκοπος Αθηνών Χρυσόστομος ο Β',,,,,,,,,,,,,,,,,,,,,,,,,,,,,,,,,,,,,,,,,
37.991023,23.7350399,,Point,node/6779909236,memorial,bust,,,,,,,,,,Отто Бенндорфу,,,,,,,,,,,,,,,,,,,,,,,,,,,,,,,,,
37.9631339,23.7509507,,Point,node/6782939536,memorial,bust,,,,,,,,,,,,,,,,,,,,,,,,,,,,,,,,,,,,,,,,,,,
37.9814047,23.7335507,,Point,node/7137782812,memorial,statue,,,,,,,marble,,,,,,,,,,,,,,,,,,,,,,,,,,,,,,,,,,,,
37.9260356,23.6911508,,Point,node/7294330029,memorial,war_memorial,,Μνημείο Ήβης Αθανασιάδου,,Ivis Athanasiadou Memorial,,,,,,,,,,,,,,,,,,,,,,,,,,,,,,,,,,,,,,,
37.9252498,23.6970844,,Point,node/7314713569,memorial,,,,,,,,,,,,,,,,,,,,,,,,,,,,,,,,,,,,,,,,,,,,
37.9264889,23.6886679,,Point,node/7413423332,memorial,,,Μνημείο Πεσόντων εφέδρων Κωνσταντινουπολιτών Β' ΠΠ,,,,,,,,,,,,,,,,,,,,,,,,,,,,,,,,,,,,,,,,,
37.9918181,23.7358139,,Point,node/7475564021,memorial,war_memorial,,"Ηρώο των πεσόντων στην Ελλάδα Βρετανών, Αυστραλών και Νεοζηλανδών κατά τον Β' Παγκόσμιο Πόλεμο","Ηρώο των πεσόντων στην Ελλάδα Βρετανών, Αυστραλών και Νεοζηλανδών κατά τον Β' Παγκόσμιο Πόλεμο","Memorial of the fallen British, Australians and New Zealanders in Greece during the Second World War.",Q16062089,Βάσος Φαληρέας,marble,,,,,,,,,,,,,,,,,,,,,,,,,,,,,,,,yes,,,,
37.998548,23.7843458,,Point,node/7575743175,memorial,statue,,Αλέξανδρος Παπάγος,,,,,,,,,,,,,,,,,,,,,,,,,,,,,,,,,,,,,,,,,
38.0589008,23.7928281,,Point,node/7667886781,memorial,bust,,Σοφοκλής Βενιζέλος,,,,,,,,,,,,,,,,"ΣΟΦΟΚΛΗΣ ΒΕΝΙΖΕΛΟΣ
1894-1964",,,,,,,,,,,,,,,,,,,,,,,,,
38.0218738,23.7976049,,Point,node/7691584941,memorial,statue,,Θεόδωρος Κολοκοτρώνης,,,,,metal,,,,,,,,,,,,,,,,,,,,,,,,,,,,,,,,,,,,
38.0355314,23.9808994,,Point,node/7756484534,memorial,,,,,,,,,,,,,,,,,,,,,,,,,,,,,,,,,,,,,,,,,,,,
37.9749833,23.7499149,,Point,node/7785517565,memorial,,,,,,,,marble,,,,,,,,,,,ΤΟΙΣ ΚΟΙΝΩΝ ΡΗΜΑΣΙ ΕΣ ΚΥΠΡΟΝ,,,,,,,,,,,,,,,,,,,,,,black,,,
37.9609294,23.7525587,,Point,node/7786947209,memorial,war_memorial,,Μνημείο Πεσόντων,,,,,marble,,,,,,,,,,,ΩΣ ΚΑΛΛΙΟΝ ΥΠΕΡ ΠΑΤΡΙΔΟΣ ΚΑΙ ΕΛΕΥΘΕΡΙΑΣ ΘΝΗΣΚΕΙΝ Η ΖΗΝ ΜΕΤΑ ΔΟΞΙΑΣ,,,,,,,,,,,,,,,,,,,,,,,,,
38.0056626,23.7000451,,Point,node/7793306921,memorial,bust,,Πύρρος,,,,,,,,,,,,,,,,,,,,,,,,,,,,,,,,,,,,,,,,,
37.9600028,23.6318188,,Point,node/7800904638,memorial,bust,,Προτομή του Θεμιστοκλή,,,,,,,,,,,,,,,,,,,,,,,,,,,,,,,,,,,,,,,,,
37.9331293,23.6465062,,Point,node/7801917593,memorial,,,,,,,,,,,,,,,,bust,,artwork,,,,,,,,,,,,,,,,,,,,,,,,Κωνσταντίνος Βολονάκης,,
37.962965,23.4949772,,Point,node/7811034807,memorial,statue,,Μνημείο πεσόντων,,,,,,,,,,,,,,,,,,,,,,,,,,,,,,,,,,,,,,,,,
37.9629741,23.4950912,,Point,node/7811034808,memorial,statue,,Καραισκάκης,,,,,,,,,,,,,,,,,,,,,,,,,,,,,,,,,,,,,,,,,
37.9629693,23.4950348,,Point,node/7811034809,memorial,statue,,Αφανούς Νάυτη,,,,,,,,,,,,,,,,,,,,,,,,,,,,,,,,,,,,,,,,,
37.9724427,23.7390025,,Point,node/7813656989,memorial,bust,,Διονύσιος Σολωμός,,,,,,,,,,,,,,,,,,,,,,,,,,,,,,,,,,,,,,,,,
37.9722972,23.7377052,,Point,node/7813657427,memorial,bust,,Ζαν Μορεάς,,,,,,,,,,,,,,,,,,,,,,,,,,,,,,,,,,,,,,,,,
37.9734161,23.7371558,,Point,node/7813657432,memorial,bust,,Ιωάννης Καποδίστριας,,,,,,,,,,,,,,,,,,,,,,,,,,,,,,,,,,,,,,,,,
37.9727344,23.7372617,,Point,node/7813657433,memorial,bust,,Ιωάννης-Γαβριήλ Εϋνάρδος,,,,,,,,,,,,,,,,,,,,,,,,,,,,,,,,,,,,,,,,,
37.9729109,23.7359032,,Point,node/7813657499,memorial,bust,,Σπυρίδων Σαμάρας,,,,,,,,,,,,,,,,,,,,,,,,,,,,,,,,,,,,,,,,,
37.9735032,23.7367828,,Point,node/7813657521,memorial,bust,,Αριστοτέλης Βαλαωρίτης,,,,,,,,,,,,,,,,,,,,,,,,,,,,,,,,,,,,,,,,,
37.9417986,23.6465975,,Point,node/7817299726,memorial,,,Μενέλαος Παλάντιος,,,,Π.ΤΖΑΝΟΥΛΙΝΟΣ,,,,,,,,,bust,,artwork,,,,,,,,,,,,,,,,,,,,,,,,,,
37.9939902,23.7370489,,Point,node/7852511801,memorial,war_memorial,,Μνημείο Πεσόντων Ιερού Λόχου,,,,,marble,,,,,,,,,,,,,,,,,,,,,,,,,,,,,,,,,,,,
37.9918926,23.7358269,,Point,node/7852511804,memorial,statue,,Άγαλμα Αθηνάς,,,,,marble,,,,,,,,,,,,,,,,,,,,,,,,,,,,,,,,,,,,
38.0408688,23.979508,,Point,node/7857395361,memorial,plaque,,Πυρκαγιά 23 Ιουλίου 2018,,Wildfire 23rd July 2018,,,concrete,Waldbrand 23. Juli 2018,,,,,,,,,,,,,,,,,,,,,,,,,,,,,,,,,,,
37.9676875,23.6224928,,Point,node/7922310860,memorial,plaque,,Μνημείο Παύλου Φύσσα,,,,,,,,,,,,,,,,"Σε αυτό το σημείο, ξημερώματα της 13ης Σεπτεμβρίου 2013, επιτέθηκε και σκότωσε τον μουσικό ΠΑΥΛΟ ""KILLAH-P"" ΦΥΣΣΑ, ο οποίος αντιστάθηκε μάχιμος όταν δέχθηκε απειλές για τις ζωές των φίλων του και της δικής του με μόνα όπλα τις ιδές του και τα ιδανικά του.",,,,,,,,,,,,,,,,,,,,,,,,,
37.9777509,23.7195146,,Point,node/7935312381,memorial,,,ΜνημεΙο Ολοκαυτώματος,,,,Ντιάννα Μαγκανιά,marble,,,,2010-05-10,,,,,,,,,,,,,,,,,,,,,,,,,,,,,,,,
38.0651555,23.7653121,,Point,node/8090057277,memorial,bust,,Ελευθέριος Βενιζέλος,,,,,,,,,,,,,,,,"ΕΛΕΥΘΕΡΙΟΣ ΒΕΝΙΖΕΛΟΣ
1864-1936",,,,,,,,,,,,,,,,,,,,,,,,,
37.9330384,23.6243116,,Point,node/8126575175,memorial,stele,,,,,,,,,,,,,,,,,,,,,,,,,,,,,,9,,,,,,,,,,,,ancient_greece,hellenistic_greece
37.9641403,23.7009595,,Point,node/8152083237,memorial,,,Ηρώων Πολυτεχνείου,,,,,,,,,,,,,,,,,,,,,,,,,,,,,,,,,,,,,,,,,
